Description,SECTION,Division,Group,Class,Sub Class,Most disaggregated level,Level headings,
"AGRICULTURE, FORESTRY AND FISHING", A,na,na,na,na, A,SECTION,
"Crop and animal production, hunting and related service activities", A,01,na,na,na,01,Division,
Growing of non-perennial crops, A,01,011,na,na,011,Group,
"Growing of cereals (except rice), leguminous crops and oil seeds", A,01,011,0111,na,01110,Class,
Growing of rice, A,01,011,0112,na,01120,Class,
"Growing of vegetables and melons, roots and tubers", A,01,011,0113,na,01130,Class,
Growing of sugar cane, A,01,011,0114,na,01140,Class,
Growing of tobacco, A,01,011,0115,na,01150,Class,
Growing of fibre crops, A,01,011,0116,na,01160,Class,
Growing of other non-perennial crops, A,01,011,0119,na,01190,Class,
Growing of perennial crops, A,01,012,na,na,012,Group,
Growing of grapes, A,01,012,0121,na,01210,Class,
Growing of tropical and subtropical fruits, A,01,012,0122,na,01220,Class,
Growing of citrus fruits, A,01,012,0123,na,01230,Class,
Growing of pome fruits and stone fruits, A,01,012,0124,na,01240,Class,
Growing of other tree and bush fruits and nuts, A,01,012,0125,na,01250,Class,
Growing of oleaginous fruits, A,01,012,0126,na,01260,Class,
Growing of beverage crops, A,01,012,0127,na,01270,Class,
"Growing of spices, aromatic, drug and pharmaceutical crops", A,01,012,0128,na,01280,Class,
Growing of other perennial crops, A,01,012,0129,na,01290,Class,
Plant propagation, A,01,013,na,na,013,Group,
Plant propagation, A,01,013,0130,na,01300,Class,
Animal production, A,01,014,na,na,014,Group,
Raising of dairy cattle, A,01,014,0141,na,01410,Class,
Raising of other cattle and buffaloes, A,01,014,0142,na,01420,Class,
Raising of horses and other equines, A,01,014,0143,na,01430,Class,
Raising of camels and camelids, A,01,014,0144,na,01440,Class,
Raising of sheep and goats, A,01,014,0145,na,01450,Class,
Raising of swinepigs, A,01,014,0146,na,01460,Class,
Raising of poultry, A,01,014,0147,na,01470,Class,
Raising of other animals, A,01,014,0149,na,01490,Class,
Mixed farming, A,01,015,na,na,015,Group,
Mixed farming, A,01,015,0150,na,01500,Class,
Support activities to agriculture and post-harvest crop activities, A,01,016,na,na,016,Group,
Support activities for crop production, A,01,016,0161,na,01610,Class,
Support activities for animal production, A,01,016,0162,na,01620,Class,
Farm animal boarding and care, A,01,016,0162,01621,01621,Sub Class,
Support activities for animal production (other than farm animal boarding and care) nec, A,01,016,0162,01629,01629,Sub Class,
Post-harvest crop activities, A,01,016,0163,na,01630,Class,
Seed processing for propagation, A,01,016,0164,na,01640,Class,
"Hunting, trapping and related service activities", A,01,017,na,na,017,Group,
"Hunting, trapping and related service activities", A,01,017,0170,na,01700,Class,
Forestry and logging, A,02,na,na,na,02,Division,
Silviculture and other forestry activities, A,02,021,na,na,021,Group,
Silviculture and other forestry activities, A,02,021,0210,na,02100,Class,
Logging, A,02,022,na,na,022,Group,
Logging, A,02,022,0220,na,02200,Class,
Gathering of wild growing non-wood products, A,02,023,na,na,023,Group,
Gathering of wild growing non-wood products, A,02,023,0230,na,02300,Class,
Support services to forestry, A,02,024,na,na,024,Group,
Support services to forestry, A,02,024,0240,na,02400,Class,
Fishing and aquaculture, A,03,na,na,na,03,Division,
Fishing, A,03,031,na,na,031,Group,
Marine fishing, A,03,031,0311,na,03110,Class,
Freshwater fishing, A,03,031,0312,na,03120,Class,
Aquaculture, A,03,032,na,na,032,Group,
Marine aquaculture, A,03,032,0321,na,03210,Class,
Freshwater aquaculture, A,03,032,0322,na,03220,Class,
MINING AND QUARRYING, B,na,na,na,na, B,SECTION,
Mining of coal and lignite, B,05,na,na,na,05,Division,
Mining of hard coal, B,05,051,na,na,051,Group,
Mining of hard coal, B,05,051,0510,na,05100,Class,
Mining of hard coal from deep coal mines (underground mining), B,05,051,0510,05101,05101,Sub Class,
Mining of hard coal from open cast coal working (surface mining), B,05,051,0510,05102,05102,Sub Class,
Mining of lignite, B,05,052,na,na,052,Group,
Mining of lignite, B,05,052,0520,na,05200,Class,
Extraction of crude petroleum and natural gas, B,06,na,na,na,06,Division,
Extraction of crude petroleum, B,06,061,na,na,061,Group,
Extraction of crude petroleum, B,06,061,0610,na,06100,Class,
Extraction of natural gas, B,06,062,na,na,062,Group,
Extraction of natural gas, B,06,062,0620,na,06200,Class,
Mining of metal ores, B,07,na,na,na,07,Division,
Mining of iron ores, B,07,071,na,na,071,Group,
Mining of iron ores, B,07,071,0710,na,07100,Class,
Mining of non-ferrous metal ores, B,07,072,na,na,072,Group,
Mining of uranium and thorium ores, B,07,072,0721,na,07210,Class,
Mining of other non-ferrous metal ores, B,07,072,0729,na,07290,Class,
Other mining and quarrying, B,08,na,na,na,08,Division,
"Quarrying of stone, sand and clay", B,08,081,na,na,081,Group,
"Quarrying of ornamental and building stone, limestone, gypsum, chalk and slate", B,08,081,0811,na,08110,Class,
Operation of gravel and sand pits; mining of clays and kaolin, B,08,081,0812,na,08120,Class,
Mining and quarrying nec, B,08,089,na,na,089,Group,
Mining of chemical and fertiliser minerals, B,08,089,0891,na,08910,Class,
Extraction of peat, B,08,089,0892,na,08920,Class,
Extraction of salt, B,08,089,0893,na,08930,Class,
Other mining and quarrying nec, B,08,089,0899,na,08990,Class,
Mining support service activities, B,09,na,na,na,09,Division,
Support activities for petroleum and natural gas extraction, B,09,091,na,na,091,Group,
Support activities for petroleum and natural gas extraction, B,09,091,0910,na,09100,Class,
Support activities for other mining and quarrying, B,09,099,na,na,099,Group,
Support activities for other mining and quarrying, B,09,099,0990,na,09900,Class,
MANUFACTURING, C,na,na,na,na, C,SECTION,
Manufacture of food products, C,10,na,na,na,10,Division,
Processing and preserving of meat and production of meat products, C,10,101,na,na,101,Group,
Processing and preserving of meat, C,10,101,1011,na,10110,Class,
Processing and preserving of poultry meat, C,10,101,1012,na,10120,Class,
Production of meat and poultry meat products, C,10,101,1013,na,10130,Class,
"Processing and preserving of fish, crustaceans and molluscs", C,10,102,na,na,102,Group,
"Processing and preserving of fish, crustaceans and molluscs", C,10,102,1020,na,10200,Class,
Processing and preserving of fruit and vegetables, C,10,103,na,na,103,Group,
Processing and preserving of potatoes, C,10,103,1031,na,10310,Class,
Manufacture of fruit and vegetable juice, C,10,103,1032,na,10320,Class,
Other processing and preserving of fruit and vegetables, C,10,103,1039,na,10390,Class,
Manufacture of vegetable and animal oils and fats, C,10,104,na,na,104,Group,
Manufacture of oils and fats, C,10,104,1041,na,10410,Class,
Manufacture of margarine and similar edible fats, C,10,104,1042,na,10420,Class,
Manufacture of dairy products, C,10,105,na,na,105,Group,
Operation of dairies and cheese making, C,10,105,1051,na,10510,Class,
Liquid milk and cream production, C,10,105,1051,10511,10511,Sub Class,
Butter and cheese production, C,10,105,1051,10512,10512,Sub Class,
"Manufacture of milk products (other than liquid milk and cream, butter, cheese) nec", C,10,105,1051,10519,10519,Sub Class,
Manufacture of ice cream, C,10,105,1052,na,10520,Class,
"Manufacture of grain mill products, starches and starch products", C,10,106,na,na,106,Group,
Manufacture of grain mill products, C,10,106,1061,na,10610,Class,
Grain milling, C,10,106,1061,10611,10611,Sub Class,
Manufacture of breakfast cereals and cereals-based foods, C,10,106,1061,10612,10612,Sub Class,
Manufacture of starches and starch products, C,10,106,1062,na,10620,Class,
Manufacture of bakery and farinaceous products, C,10,107,na,na,107,Group,
Manufacture of bread; manufacture of fresh pastry goods and cakes, C,10,107,1071,na,10710,Class,
Manufacture of rusks and biscuits; manufacture of preserved pastry goods and cakes, C,10,107,1072,na,10720,Class,
"Manufacture of macaroni, noodles, couscous and similar farinaceous products", C,10,107,1073,na,10730,Class,
Manufacture of other food products, C,10,108,na,na,108,Group,
Manufacture of sugar, C,10,108,1081,na,10810,Class,
"Manufacture of cocoa, chocolate and sugar confectionery", C,10,108,1082,na,10820,Class,
"Manufacture of cocoa, and chocolate confectionery", C,10,108,1082,10821,10821,Sub Class,
Manufacture of sugar confectionery, C,10,108,1082,10822,10822,Sub Class,
Processing of tea and coffee, C,10,108,1083,na,10830,Class,
Tea processing, C,10,108,1083,10831,10831,Sub Class,
Production of coffee and coffee substitutes, C,10,108,1083,10832,10832,Sub Class,
Manufacture of condiments and seasonings, C,10,108,1084,na,10840,Class,
Manufacture of prepared meals and dishes, C,10,108,1085,na,10850,Class,
Manufacture of homogenised food preparations and dietetic food, C,10,108,1086,na,10860,Class,
Manufacture of other food products nec, C,10,108,1089,na,10890,Class,
Manufacture of prepared animal feeds, C,10,109,na,na,109,Group,
Manufacture of prepared feeds for farm animals, C,10,109,1091,na,10910,Class,
Manufacture of prepared pet foods, C,10,109,1092,na,10920,Class,
Manufacture of beverages, C,11,na,na,na,11,Division,
Manufacture of beverages, C,11,110,na,na,110,Group,
"Distilling, rectifying and blending of spirits", C,11,110,1101,na,11010,Class,
Manufacture of wine from grape, C,11,110,1102,na,11020,Class,
Manufacture of cider and other fruit wines, C,11,110,1103,na,11030,Class,
Manufacture of other non-distilled fermented beverages, C,11,110,1104,na,11040,Class,
Manufacture of beer, C,11,110,1105,na,11050,Class,
Manufacture of malt, C,11,110,1106,na,11060,Class,
Manufacture of soft drinks; production of mineral waters and other bottled waters, C,11,110,1107,na,11070,Class,
Manufacture of tobacco products, C,12,na,na,na,12,Division,
Manufacture of tobacco products, C,12,120,na,na,120,Group,
Manufacture of tobacco products, C,12,120,1200,na,12000,Class,
Manufacture of textiles, C,13,na,na,na,13,Division,
Preparation and spinning of textile fibres, C,13,131,na,na,131,Group,
Preparation and spinning of textile fibres, C,13,131,1310,na,13100,Class,
Weaving of textiles, C,13,132,na,na,132,Group,
Weaving of textiles, C,13,132,1320,na,13200,Class,
Finishing of textiles, C,13,133,na,na,133,Group,
Finishing of textiles, C,13,133,1330,na,13300,Class,
Manufacture of other textiles, C,13,139,na,na,139,Group,
Manufacture of knitted and crocheted fabrics, C,13,139,1391,na,13910,Class,
"Manufacture of made-up textile articles, except apparel", C,13,139,1392,na,13920,Class,
Manufacture of soft furnishings, C,13,139,1392,13921,13921,Sub Class,
"Manufacture of canvas goods, sacks etc", C,13,139,1392,13922,13922,Sub Class,
Manufacture of household textiles (other than soft furnishings of 13921), C,13,139,1392,13923,13923,Sub Class,
Manufacture of carpets and rugs, C,13,139,1393,na,13930,Class,
Manufacture of woven or tufted carpets and rugs, C,13,139,1393,13931,13931,Sub Class,
Manufacture of carpets and rugs (other than woven or tufted) nec, C,13,139,1393,13939,13939,Sub Class,
"Manufacture of cordage, rope, twine and netting", C,13,139,1394,na,13940,Class,
"Manufacture of non-wovens and articles made from non-wovens, except apparel", C,13,139,1395,na,13950,Class,
Manufacture of other technical and industrial textiles, C,13,139,1396,na,13960,Class,
Manufacture of other textiles nec, C,13,139,1399,na,13990,Class,
Manufacture of wearing apparel, C,14,na,na,na,14,Division,
"Manufacture of wearing apparel, except fur apparel", C,14,141,na,na,141,Group,
Manufacture of leather clothes, C,14,141,1411,na,14110,Class,
Manufacture of workwear, C,14,141,1412,na,14120,Class,
Manufacture of other outerwear, C,14,141,1413,na,14130,Class,
"Manufacture of men's outerwear, other than leather clothes and workwear", C,14,141,1413,14131,14131,Sub Class,
"Manufacture of women's outerwear, other than leather clothes and workwear", C,14,141,1413,14132,14132,Sub Class,
Manufacture of underwear, C,14,141,1414,na,14140,Class,
Manufacture of men's underwear, C,14,141,1414,14141,14141,Sub Class,
Manufacture of women's underwear, C,14,141,1414,14142,14142,Sub Class,
Manufacture of other wearing apparel and accessories, C,14,141,1419,na,14190,Class,
Manufacture of articles of fur, C,14,142,na,na,142,Group,
Manufacture of articles of fur, C,14,142,1420,na,14200,Class,
Manufacture of knitted and crocheted appare, C,14,143,na,na,143,Group,
Manufacture of knitted and crocheted hosiery, C,14,143,1431,na,14310,Class,
Manufacture of other knitted and crocheted apparel, C,14,143,1439,na,14390,Class,
Manufacture of leather and related products, C,15,na,na,na,15,Division,
Manufacture of leather and related products, C,15,151,na,na,151,Group,
Tanning and dressing of leather; dressing and dyeing of fur, C,15,151,1511,na,15110,Class,
"Manufacture of luggage, handbags and the like, saddlery and harness", C,15,151,1512,na,15120,Class,
Manufacture of footwear, C,15,152,na,na,152,Group,
Manufacture of footwear, C,15,152,1520,na,15200,Class,
"Manufacture of wood and of products of wood and cork, except furniture; manufacture of articles of straw and plaiting materials",C,16,na,na,na,16,Division,
Sawmilling and planing of wood, C,16,161,na,na,161,Group,
Sawmilling and planing of wood, C,16,161,1610,na,16100,Class,
"Manufacture of products of wood, cork, straw and plaiting materials", C,16,162,na,na,162,Group,
Manufacture of veneer sheets and wood-based panels, C,16,162,1621,na,16210,Class,
Manufacture of assembled parquet floors, C,16,162,1622,na,16220,Class,
Manufacture of other builders' carpentry and joinery, C,16,162,1623,na,16230,Class,
Manufacture of wooden containers, C,16,162,1624,na,16240,Class,
"Manufacture of other products of wood; manufacture of articles of cork, straw and plaiting materials", C,16,162,1629,na,16290,Class,
Manufacture of paper and paper products, C,17,na,na,na,17,Division,
"Manufacture of pulp, paper and paperboard", C,17,171,na,na,171,Group,
Manufacture of pulp, C,17,171,1711,na,17110,Class,
Manufacture of paper and paperboard, C,17,171,1712,na,17120,Class,
Manufacture of articles of paper and paperboard, C,17,172,na,na,172,Group,
Manufacture of corrugated paper and paperboard and of containers of paper and paperboard, C,17,172,1721,na,17210,Class,
Manufacture of corrugated paper and paperboard; manufacture of sacks and bags of paper, C,17,172,1721,17211,17211,Sub Class,
Manufacture of paper and paperboard containers other than sacks and bags, C,17,172,1721,17219,17219,Sub Class,
Manufacture of household and sanitary goods and of toilet requisites, C,17,172,1722,na,17220,Class,
Manufacture of paper stationery, C,17,172,1723,na,17230,Class,
Manufacture of wallpaper, C,17,172,1724,na,17240,Class,
Manufacture of other articles of paper and paperboard, C,17,172,1729,na,17290,Class,
Printing and reproduction of recorded media, C,18,na,na,na,18,Division,
Printing and service activities related to printing, C,18,181,na,na,181,Group,
Printing of newspapers, C,18,181,1811,na,18110,Class,
Other printing, C,18,181,1812,na,18120,Class,
Manufacture of printed labels, C,18,181,1812,18121,18121,Sub Class,
Printing (other than printing of newspapers and printing on labels and tags) nec, C,18,181,1812,18129,18129,Sub Class,
Pre-press and pre-media services, C,18,181,1813,na,18130,Class,
Binding and related services, C,18,181,1814,na,18140,Class,
Reproduction of recorded media, C,18,182,na,na,182,Group,
Reproduction of recorded media, C,18,182,1820,na,18200,Class,
Reproduction of sound recording, C,18,182,1820,18201,18201,Sub Class,
Reproduction of video recording, C,18,182,1820,18202,18202,Sub Class,
Reproduction of computer media, C,18,182,1820,18203,18203,Sub Class,
Manufacture of coke and refined petroleum products, C,19,na,na,na,19,Division,
Manufacture of coke oven products, C,19,191,na,na,191,Group,
Manufacture of coke oven products, C,19,191,1910,na,19100,Class,
Manufacture of refined petroleum products, C,19,192,na,na,192,Group,
Manufacture of refined petroleum products, C,19,192,1920,na,19200,Class,
Mineral oil refining, C,19,192,1920,19201,19201,Sub Class,
Other treatment of petroleum products (excluding mineral oil refiningpetrochemicals manufacture), C,19,192,1920,19209,19209,Sub Class,
Manufacture of chemicals and chemical products, C,20,na,na,na,20,Division,
"Manufacture of basic chemicals, fertilisers and nitrogen compounds, plastics and synthetic rubber in primary forms", C,20,201,na,na,201,Group,
Manufacture of industrial gases, C,20,201,2011,na,20110,Class,
Manufacture of dyes and pigments, C,20,201,2012,na,20120,Class,
Manufacture of other inorganic basic chemicals, C,20,201,2013,na,20130,Class,
Manufacture of other organic basic chemicals, C,20,201,2014,na,20140,Class,
Manufacture of fertilisers and nitrogen compounds, C,20,201,2015,na,20150,Class,
Manufacture of plastics in primary forms, C,20,201,2016,na,20160,Class,
Manufacture of synthetic rubber in primary forms, C,20,201,2017,na,20170,Class,
Manufacture of pesticides and other agrochemical products, C,20,202,na,na,202,Group,
Manufacture of pesticides and other agrochemical products, C,20,202,2020,na,20200,Class,
"Manufacture of paints, varnishes and similar coatings, printing ink and mastics", C,20,203,na,na,203,Group,
"Manufacture of paints, varnishes and similar coatings, printing ink and mastics", C,20,203,2030,na,20300,Class,
"Manufacture of paints, varnishes and similar coatings, mastics and sealants", C,20,203,2030,20301,20301,Sub Class,
Manufacture of printing ink, C,20,203,2030,20302,20302,Sub Class,
"Manufacture of soap and detergents, cleaning and polishing preparations, perfumes and toilet preparations", C,20,204,na,na,204,Group,
"Manufacture of soap and detergents, cleaning and polishing preparations", C,20,204,2041,na,20410,Class,
Manufacture of soap and detergents, C,20,204,2041,20411,20411,Sub Class,
Manufacture of cleaning and polishing preparations, C,20,204,2041,20412,20412,Sub Class,
Manufacture of perfumes and toilet preparations, C,20,204,2042,na,20420,Class,
Manufacture of other chemical products, C,20,205,na,na,205,Group,
Manufacture of explosives, C,20,205,2051,na,20510,Class,
Manufacture of glues, C,20,205,2052,na,20520,Class,
Manufacture of essential oils, C,20,205,2053,na,20530,Class,
Manufacture of other chemical products nec, C,20,205,2059,na,20590,Class,
Manufacture of man-made fibres, C,20,206,na,na,206,Group,
Manufacture of man-made fibres, C,20,206,2060,na,20600,Class,
Manufacture of basic pharmaceutical products and pharmaceutical preparations, C,21,na,na,na,21,Division,
Manufacture of basic pharmaceutical products, C,21,211,na,na,211,Group,
Manufacture of basic pharmaceutical products, C,21,211,2110,na,21100,Class,
Manufacture of pharmaceutical preparations, C,21,212,na,na,212,Group,
Manufacture of pharmaceutical preparations, C,21,212,2120,na,21200,Class,
Manufacture of rubber and plastic products, C,22,na,na,na,22,Division,
Manufacture of rubber products, C,22,221,na,na,221,Group,
Manufacture of rubber tyres and tubes; retreading and rebuilding of rubber tyres, C,22,221,2211,na,22110,Class,
Manufacture of other rubber products, C,22,221,2219,na,22190,Class,
Manufacture of plastics products, C,22,222,na,na,222,Group,
"Manufacture of plastic plates, sheets, tubes and profiles", C,22,222,2221,na,22210,Class,
Manufacture of plastic packing goods, C,22,222,2222,na,22220,Class,
Manufacture of builders’ ware of plastic, C,22,222,2223,na,22230,Class,
Manufacture of other plastic products, C,22,222,2229,na,22290,Class,
Manufacture of other non-metallic mineral products, C,23,na,na,na,23,Division,
Manufacture of glass and glass products, C,23,231,na,na,231,Group,
Manufacture of flat glass, C,23,231,2311,na,23110,Class,
Shaping and processing of flat glass, C,23,231,2312,na,23120,Class,
Manufacture of hollow glass, C,23,231,2313,na,23130,Class,
Manufacture of glass fibres, C,23,231,2314,na,23140,Class,
"Manufacture and processing of other glass, including technical glassware", C,23,231,2319,na,23190,Class,
Manufacture of refractory products, C,23,232,na,na,232,Group,
Manufacture of refractory products, C,23,232,2320,na,23200,Class,
Manufacture of clay building materials, C,23,233,na,na,233,Group,
Manufacture of ceramic tiles and flags, C,23,233,2331,na,23310,Class,
"Manufacture of bricks, tiles and construction products, in baked clay", C,23,233,2332,na,23320,Class,
Manufacture of other porcelain and ceramic products, C,23,234,na,na,234,Group,
Manufacture of ceramic household and ornamental articles, C,23,234,2341,na,23410,Class,
Manufacture of ceramic sanitary fixtures, C,23,234,2342,na,23420,Class,
Manufacture of ceramic insulators and insulating fittings, C,23,234,2343,na,23430,Class,
Manufacture of other technical ceramic products, C,23,234,2344,na,23440,Class,
Manufacture of other ceramic products, C,23,234,2349,na,23490,Class,
"Manufacture of cement, lime and plaster", C,23,235,na,na,235,Group,
Manufacture of cement, C,23,235,2351,na,23510,Class,
Manufacture of lime and plaster, C,23,235,2352,na,23520,Class,
"Manufacture of articles of concrete, cement and plaster", C,23,236,na,na,236,Group,
Manufacture of concrete products for construction purposes, C,23,236,2361,na,23610,Class,
Manufacture of plaster products for construction purposes, C,23,236,2362,na,23620,Class,
Manufacture of ready-mixed concrete, C,23,236,2363,na,23630,Class,
Manufacture of mortars, C,23,236,2364,na,23640,Class,
Manufacture of fibre cement, C,23,236,2365,na,23650,Class,
"Manufacture of other articles of concrete, plaster and cement", C,23,236,2369,na,23690,Class,
"Cutting, shaping and finishing of stone", C,23,237,na,na,237,Group,
"Cutting, shaping and finishing of stone", C,23,237,2370,na,23700,Class,
Manufacture of abrasive products and non-metallic mineral products nec, C,23,239,na,na,239,Group,
Production of abrasive products, C,23,239,2391,na,23910,Class,
Manufacture of other non-metallic mineral products nec, C,23,239,2399,na,23990,Class,
Manufacture of basic metals, C,24,na,na,na,24,Division,
Manufacture of basic iron and steel and of ferro-alloys, C,24,241,na,na,241,Group,
Manufacture of basic iron and steel and of ferro-alloys, C,24,241,2410,na,24100,Class,
"Manufacture of tubes, pipes, hollow profiles and related fittings, of steel", C,24,242,na,na,242,Group,
"Manufacture of tubes, pipes, hollow profiles and related fittings, of steel", C,24,242,2420,na,24200,Class,
Manufacture of other products of first processing of steel, C,24,243,na,na,243,Group,
Cold drawing of bars, C,24,243,2431,na,24310,Class,
Cold rolling of narrow strip, C,24,243,2432,na,24320,Class,
Cold forming or folding, C,24,243,2433,na,24330,Class,
Cold drawing of wire, C,24,243,2434,na,24340,Class,
Manufacture of basic precious and other non-ferrous metals, C,24,244,na,na,244,Group,
Precious metals production, C,24,244,2441,na,24410,Class,
Aluminium production, C,24,244,2442,na,24420,Class,
"Lead, zinc and tin production", C,24,244,2443,na,24430,Class,
Copper production, C,24,244,2444,na,24440,Class,
Other non-ferrous metal production, C,24,244,2445,na,24450,Class,
Processing of nuclear fuel, C,24,244,2446,na,24460,Class,
Casting of metals, C,24,245,na,na,245,Group,
Casting of iron, C,24,245,2451,na,24510,Class,
Casting of steel, C,24,245,2452,na,24520,Class,
Casting of light metals, C,24,245,2453,na,24530,Class,
Casting of other non-ferrous metals, C,24,245,2454,na,24540,Class,
"Manufacture of fabricated metal products, except machinery and equipment", C,25,na,na,na,25,Division,
Manufacture of structural metal products, C,25,251,na,na,251,Group,
Manufacture of metal structures and parts of structures, C,25,251,2511,na,25110,Class,
Manufacture of doors and windows of metal, C,25,251,2512,na,25120,Class,
"Manufacture of tanks, reservoirs and containers of metal", C,25,252,na,na,252,Group,
Manufacture of central heating radiators and boilers, C,25,252,2521,na,25210,Class,
"Manufacture of other tanks, reservoirs and containers of metal", C,25,252,2529,na,25290,Class,
"Manufacture of steam generators, except central heating hot water boilers", C,25,253,na,na,253,Group,
"Manufacture of steam generators, except central heating hot water boilers", C,25,253,2530,na,25300,Class,
Manufacture of weapons and ammunition, C,25,254,na,na,254,Group,
Manufacture of weapons and ammunition, C,25,254,2540,na,25400,Class,
"Forging, pressing, stamping and roll-forming of metal; powder metallurgy", C,25,255,na,na,255,Group,
"Forging, pressing, stamping and roll-forming of metal; powder metallurgy", C,25,255,2550,na,25500,Class,
Treatment and coating of metals; machining, C,25,256,na,na,256,Group,
Treatment and coating of metals, C,25,256,2561,na,25610,Class,
Machining, C,25,256,2562,na,25620,Class,
"Manufacture of cutlery, tools and general hardware", C,25,257,na,na,257,Group,
Manufacture of cutlery, C,25,257,2571,na,25710,Class,
Manufacture of locks and hinges, C,25,257,2572,na,25720,Class,
Manufacture of tools, C,25,257,2573,na,25730,Class,
Manufacture of other fabricated metal products, C,25,259,na,na,259,Group,
Manufacture of steel drums and similar containers, C,25,259,2591,na,25910,Class,
Manufacture of light metal packaging, C,25,259,2592,na,25920,Class,
"Manufacture of wire products, chain and springs", C,25,259,2593,na,25930,Class,
Manufacture of fasteners and screw machine products, C,25,259,2594,na,25940,Class,
Manufacture of other fabricated metal products nec, C,25,259,2599,na,25990,Class,
"Manufacture of computer, electronic and optical products", C,26,na,na,na,26,Division,
Manufacture of electronic components and boards, C,26,261,na,na,261,Group,
Manufacture of electronic components, C,26,261,2611,na,26110,Class,
Manufacture of loaded electronic boards, C,26,261,2612,na,26120,Class,
Manufacture of computers and peripheral equipment, C,26,262,na,na,262,Group,
Manufacture of computers and peripheral equipment, C,26,262,2620,na,26200,Class,
Manufacture of communication equipment, C,26,263,na,na,263,Group,
Manufacture of communication equipment, C,26,263,2630,na,26300,Class,
Manufacture of telegraph and telephone apparatus and equipment, C,26,263,2630,26301,26301,Sub Class,
Manufacture of communication equipment (other than telegraph and telephone apparatus and equipment), C,26,263,2630,26309,26309,Sub Class,
Manufacture of consumer electronics, C,26,264,na,na,264,Group,
Manufacture of consumer electronics, C,26,264,2640,na,26400,Class,
"Manufacture of instruments and appliances for measuring, testing and navigation; watches and clocks", C,26,265,na,na,265,Group,
"Manufacture of instruments and appliances for measuring, testing and navigation", C,26,265,2651,na,26510,Class,
"Manufacture of electronic instruments and appliances for measuring, testing, and navigation, except industrial process control equipment", C,26,265,2651,26511,26511,Sub Class,
Manufacture of electronic industrial process control equipment, C,26,265,2651,26512,26512,Sub Class,
"Manufacture of non-electronic instruments and appliances for measuring, testing and navigation, except industrial process control equipment", C,26,265,2651,26513,26513,Sub Class,
Manufacture of non-electronic industrial process control equipment, C,26,265,2651,26514,26514,Sub Class,
Manufacture of watches and clocks, C,26,265,2652,na,26520,Class,
"Manufacture of irradiation, electromedical and electrotherapeutic equipment", C,26,266,na,na,266,Group,
"Manufacture of irradiation, electromedical and electrotherapeutic equipment", C,26,266,2660,na,26600,Class,
Manufacture of optical instruments and photographic equipment, C,26,267,na,na,267,Group,
Manufacture of optical instruments and photographic equipment, C,26,267,2670,na,26700,Class,
Manufacture of optical precision instruments, C,26,267,2670,26701,26701,Sub Class,
Manufacture of photographic and cinematographic equipment, C,26,267,2670,26702,26702,Sub Class,
Manufacture of magnetic and optical media, C,26,268,na,na,268,Group,
Manufacture of magnetic and optical media, C,26,268,2680,na,26800,Class,
Manufacture of electrical equipment, C,27,na,na,na,27,Division,
"Manufacture of electric motors, generators, transformers and electricity distribution and control apparatus", C,27,271,na,na,271,Group,
"Manufacture of electric motors, generators and transformers", C,27,271,2711,na,27110,Class,
Manufacture of electricity distribution and control apparatus, C,27,271,2712,na,27120,Class,
Manufacture of batteries and accumulators, C,27,272,na,na,272,Group,
Manufacture of batteries and accumulators, C,27,272,2720,na,27200,Class,
Manufacture of wiring and wiring devices, C,27,273,na,na,273,Group,
Manufacture of fibre optic cables, C,27,273,2731,na,27310,Class,
Manufacture of other electronic and electric wires and cables, C,27,273,2732,na,27320,Class,
Manufacture of wiring devices, C,27,273,2733,na,27330,Class,
Manufacture of electric lighting equipment, C,27,274,na,na,274,Group,
Manufacture of electric lighting equipment, C,27,274,2740,na,27400,Class,
Manufacture of domestic appliances, C,27,275,na,na,275,Group,
Manufacture of electric domestic appliances, C,27,275,2751,na,27510,Class,
Manufacture of non-electric domestic appliances, C,27,275,2752,na,27520,Class,
Manufacture of other electrical equipment, C,27,279,na,na,279,Group,
Manufacture of other electrical equipment, C,27,279,2790,na,27900,Class,
Manufacture of machinery and equipment nec, C,28,na,na,na,28,Division,
Manufacture of general purpose machinery, C,28,281,na,na,281,Group,
"Manufacture of engines and turbines, except aircraft, vehicle and cycle engines", C,28,281,2811,na,28110,Class,
Manufacture of fluid power equipment, C,28,281,2812,na,28120,Class,
Manufacture of other pumps and compressors, C,28,281,2813,na,28130,Class,
Manufacture of pumps, C,28,281,2813,28131,28131,Sub Class,
Manufacture of compressors, C,28,281,2813,28132,28132,Sub Class,
Manufacture of other taps and valves, C,28,281,2814,na,28140,Class,
"Manufacture of bearings, gears, gearing and driving elements", C,28,281,2815,na,28150,Class,
Manufacture of other general-purpose machinery, C,28,282,na,na,282,Group,
"Manufacture of ovens, furnaces and furnace burners", C,28,282,2821,na,28210,Class,
Manufacture of lifting and handling equipment, C,28,282,2822,na,28220,Class,
Manufacture of office machinery and equipment (except computers and peripheral equipment), C,28,282,2823,na,28230,Class,
Manufacture of power-driven hand tools, C,28,282,2824,na,28240,Class,
Manufacture of non-domestic cooling and ventilation equipment, C,28,282,2825,na,28250,Class,
Manufacture of other general-purpose machinery nec, C,28,282,2829,na,28290,Class,
Manufacture of agricultural and forestry machinery, C,28,283,na,na,283,Group,
Manufacture of agricultural and forestry machinery, C,28,283,2830,na,28300,Class,
Manufacture of agricultural tractors, C,28,283,2830,28301,28301,Sub Class,
Manufacture of agricultural and forestry machinery (other than agricultural tractors), C,28,283,2830,28302,28302,Sub Class,
Manufacture of metal forming machinery and machine tools, C,28,284,na,na,284,Group,
Manufacture of metal forming machinery, C,28,284,2841,na,28410,Class,
Manufacture of other machine tools, C,28,284,2849,na,28490,Class,
Manufacture of other special-purpose machinery, C,28,289,na,na,289,Group,
Manufacture of machinery for metallurgy, C,28,289,2891,na,28910,Class,
"Manufacture of machinery for mining, quarrying and construction", C,28,289,2892,na,28920,Class,
Manufacture of machinery for mining, C,28,289,2892,28921,28921,Sub Class,
Manufacture of earthmoving equipment, C,28,289,2892,28922,28922,Sub Class,
Manufacture of equipment for concrete crushing and screening roadworks, C,28,289,2892,28923,28923,Sub Class,
"Manufacture of machinery for food, beverage and tobacco processing", C,28,289,2893,na,28930,Class,
"Manufacture of machinery for textile, apparel and leather production", C,28,289,2894,na,28940,Class,
Manufacture of machinery for paper and paperboard production, C,28,289,2895,na,28950,Class,
Manufacture of plastics and rubber machinery, C,28,289,2896,na,28960,Class,
Manufacture of other special-purpose machinery nec, C,28,289,2899,na,28990,Class,
"Manufacture of motor vehicles, trailers and semi-trailers", C,29,na,na,na,29,Division,
Manufacture of motor vehicles, C,29,291,na,na,291,Group,
Manufacture of motor vehicles, C,29,291,2910,na,29100,Class,
Manufacture of bodies (coachwork) for motor vehicles; manufacture of trailers and semi-trailers, C,29,292,na,na,292,Group,
Manufacture of bodies (coachwork) for motor vehicles; manufacture of trailers and semi-trailers, C,29,292,2920,na,29200,Class,
Manufacture of bodies (coachwork) for motor vehicles (except caravans), C,29,292,2920,29201,29201,Sub Class,
Manufacture of trailers and semi-trailers, C,29,292,2920,29202,29202,Sub Class,
Manufacture of caravans, C,29,292,2920,29203,29203,Sub Class,
Manufacture of parts and accessories for motor vehicles, C,29,293,na,na,293,Group,
Manufacture of electrical and electronic equipment for motor vehicles, C,29,293,2931,na,29310,Class,
Manufacture of other parts and accessories for motor vehicles, C,29,293,2932,na,29320,Class,
Manufacture of other transport equipment, C,30,na,na,na,30,Division,
Building of ships and boats, C,30,301,na,na,301,Group,
Building of ships and floating structures, C,30,301,3011,na,30110,Class,
Building of pleasure and sporting boats, C,30,301,3012,na,30120,Class,
Manufacture of railway locomotives and rolling stock, C,30,302,na,na,302,Group,
Manufacture of railway locomotives and rolling stock, C,30,302,3020,na,30200,Class,
Manufacture of air and spacecraft and related machinery, C,30,303,na,na,303,Group,
Manufacture of air and spacecraft and related machinery, C,30,303,3030,na,30300,Class,
Manufacture of military fighting vehicles, C,30,304,na,na,304,Group,
Manufacture of military fighting vehicles, C,30,304,3040,na,30400,Class,
Manufacture of transport equipment nec, C,30,309,na,na,309,Group,
Manufacture of motorcycles, C,30,309,3091,na,30910,Class,
Manufacture of bicycles and invalid carriages, C,30,309,3092,na,30920,Class,
Manufacture of other transport equipment nec, C,30,309,3099,na,30990,Class,
Manufacture of furniture, C,31,na,na,na,31,Division,
Manufacture of furniture, C,31,310,na,na,310,Group,
Manufacture of office and shop furniture, C,31,310,3101,na,31010,Class,
Manufacture of kitchen furniture, C,31,310,3102,na,31020,Class,
Manufacture of mattresses, C,31,310,3103,na,31030,Class,
Manufacture of other furniture, C,31,310,3109,na,31090,Class,
Other manufacturing, C,32,na,na,na,32,Division,
"Manufacture of jewellery, bijouterie and related articles", C,32,321,na,na,321,Group,
Striking of coins, C,32,321,3211,na,32110,Class,
Manufacture of jewellery and related articles, C,32,321,3212,na,32120,Class,
Manufacture of imitation jewellery and related articles, C,32,321,3213,na,32130,Class,
Manufacture of musical instruments, C,32,322,na,na,322,Group,
Manufacture of musical instruments, C,32,322,3220,na,32200,Class,
Manufacture of sports goods, C,32,323,na,na,323,Group,
Manufacture of sports goods, C,32,323,3230,na,32300,Class,
Manufacture of games and toys, C,32,324,na,na,324,Group,
Manufacture of games and toys, C,32,324,3240,na,32400,Class,
Manufacture of professional and arcade games and toys, C,32,324,3240,32401,32401,Sub Class,
Manufacture of games and toys (other than professional and arcade games and toys) nec, C,32,324,3240,32409,32409,Sub Class,
Manufacture of medical and dental instruments and supplies, C,32,325,na,na,325,Group,
Manufacture of medical and dental instruments and supplies, C,32,325,3250,na,32500,Class,
Manufacturing nec, C,32,329,na,na,329,Group,
Manufacture of brooms and brushes, C,32,329,3291,na,32910,Class,
Other manufacturing nec, C,32,329,3299,na,32990,Class,
Repair and installation of machinery and equipment, C,33,na,na,na,33,Division,
"Repair of fabricated metal products, machinery and equipment", C,33,331,na,na,331,Group,
Repair of fabricated metal products, C,33,331,3311,na,33110,Class,
Repair of machinery, C,33,331,3312,na,33120,Class,
Repair of electronic and optical equipment, C,33,331,3313,na,33130,Class,
Repair of electrical equipment, C,33,331,3314,na,33140,Class,
Repair and maintenance of ships and boats, C,33,331,3315,na,33150,Class,
Repair and maintenance of aircraft and spacecraft, C,33,331,3316,na,33160,Class,
Repair and maintenance of other transport equipment, C,33,331,3317,na,33170,Class,
Repair of other equipment, C,33,331,3319,na,33190,Class,
Installation of industrial machinery and equipment, C,33,332,na,na,332,Group,
Installation of industrial machinery and equipment, C,33,332,3320,na,33200,Class,
"ELECTRICITY, GAS, STEAM AND AIR CONDITIONING SUPPLY", D,na,na,na,na, D,SECTION,
"Electricity, gas, steam and air conditioning supply", D,35,na,na,na,35,Division,
"Electric power generation, transmission and distribution", D,35,351,na,na,351,Group,
Production of electricity, D,35,351,3511,na,35110,Class,
Transmission of electricity, D,35,351,3512,na,35120,Class,
Distribution of electricity, D,35,351,3513,na,35130,Class,
Trade of electricity, D,35,351,3514,na,35140,Class,
Manufacture of gas; distribution of gaseous fuels through mains, D,35,352,na,na,352,Group,
Manufacture of gas, D,35,352,3521,na,35210,Class,
Distribution of gaseous fuels through mains, D,35,352,3522,na,35220,Class,
Trade of gas through mains, D,35,352,3523,na,35230,Class,
Steam and air conditioning supply, D,35,353,na,na,353,Group,
Steam and air conditioning supply, D,35,353,3530,na,35300,Class,
"WATER SUPPLY; SEWERAGE, WASTE MANAGEMENT AND REMEDIATION ACTIVITIES", E,na,na,na,na, E,SECTION,
"Water collection, treatment and supply", E,36,na,na,na,36,Division,
"Water collection, treatment and supply", E,36,360,na,na,360,Group,
"Water collection, treatment and supply", E,36,360,3600,na,36000,Class,
Sewerage, E,37,na,na,na,37,Division,
Sewerage, E,37,370,na,na,370,Group,
Sewerage, E,37,370,3700,na,37000,Class,
"Waste collection, treatment and disposal activities; materials recovery", E,38,na,na,na,38,Division,
Waste collection, E,38,381,na,na,381,Group,
Collection of non-hazardous waste, E,38,381,3811,na,38110,Class,
Collection of hazardous waste, E,38,381,3812,na,38120,Class,
Waste treatment and disposal, E,38,382,na,na,382,Group,
Treatment and disposal of non-hazardous waste, E,38,382,3821,na,38210,Class,
Treatment and disposal of hazardous waste, E,38,382,3822,na,38220,Class,
Materials recovery, E,38,383,na,na,383,Group,
Dismantling of wrecks, E,38,383,3831,na,38310,Class,
Recovery of sorted materials, E,38,383,3832,na,38320,Class,
Remediation activities and other waste management services, E,39,na,na,na,39,Division,
Remediation activities and other waste management services, E,39,390,na,na,390,Group,
Remediation activities and other waste management services, E,39,390,3900,na,39000,Class,
CONSTRUCTION, F,na,na,na,na, F,SECTION,
Construction of buildings, F,41,na,na,na,41,Division,
Development of building projects, F,41,411,na,na,411,Group,
Development of building projects, F,41,411,4110,na,41100,Class,
Construction of residential and non-residential buildings, F,41,412,na,na,412,Group,
Construction of residential and non-residential buildings, F,41,412,4120,na,41200,Class,
Construction of commercial buildings, F,41,412,4120,41201,41201,Sub Class,
Construction of domestic buildings, F,41,412,4120,41202,41202,Sub Class,
Civil engineering, F,42,na,na,na,42,Division,
Construction of roads and railways, F,42,421,na,na,421,Group,
Construction of roads and motorways, F,42,421,4211,na,42110,Class,
Construction of railways and underground railways, F,42,421,4212,na,42120,Class,
Construction of bridges and tunnels, F,42,421,4213,na,42130,Class,
Construction of utility projects, F,42,422,na,na,422,Group,
Construction of utility projects for fluids, F,42,422,4221,na,42210,Class,
Construction of utility projects for electricity and telecommunications, F,42,422,4222,na,42220,Class,
Construction of other civil engineering projects, F,42,429,na,na,429,Group,
Construction of water projects, F,42,429,4291,na,42910,Class,
Construction of other civil engineering projects nec, F,42,429,4299,na,42990,Class,
Specialised construction activities, F,43,na,na,na,43,Division,
Demolition and site preparation, F,43,431,na,na,431,Group,
Demolition, F,43,431,4311,na,43110,Class,
Site preparation, F,43,431,4312,na,43120,Class,
Test drilling and boring, F,43,431,4313,na,43130,Class,
"Electrical, plumbing and other construction installation activities", F,43,432,na,na,432,Group,
Electrical installation, F,43,432,4321,na,43210,Class,
"Plumbing, heat and air-conditioning installation", F,43,432,4322,na,43220,Class,
Other construction installation, F,43,432,4329,na,43290,Class,
Building completion and finishing, F,43,433,na,na,433,Group,
Plastering, F,43,433,4331,na,43310,Class,
Joinery installation, F,43,433,4332,na,43320,Class,
Floor and wall covering, F,43,433,4333,na,43330,Class,
Painting and glazing, F,43,433,4334,na,43340,Class,
Painting, F,43,433,4334,43341,43341,Sub Class,
Glazing, F,43,433,4334,43342,43342,Sub Class,
Other building completion and finishing, F,43,433,4339,na,43390,Class,
Other specialised construction activities, F,43,439,na,na,439,Group,
Roofing activities, F,43,439,4391,na,43910,Class,
Other specialised construction activities nec, F,43,439,4399,na,43990,Class,
Scaffold erection, F,43,439,4399,43991,43991,Sub Class,
Specialised construction activities (other than scaffold erection) nec, F,43,439,4399,43999,43999,Sub Class,
WHOLESALE AND RETAIL TRADE; REPAIR OF MOTOR VEHICLES AND MOTORCYCLES, G,na,na,na,na, G,SECTION,
Wholesale and retail trade and repair of motor vehicles and motorcycles, G,45,na,na,na,45,Division,
Sale of motor vehicles, G,45,451,na,na,451,Group,
Sale of cars and light motor vehicles, G,45,451,4511,na,45110,Class,
Sale of new cars and light motor vehicles, G,45,451,4511,45111,45111,Sub Class,
Sale of used cars and light motor vehicles, G,45,451,4511,45112,45112,Sub Class,
Sale of other motor vehicles, G,45,451,4519,na,45190,Class,
Maintenance and repair of motor vehicles, G,45,452,na,na,452,Group,
Maintenance and repair of motor vehicles, G,45,452,4520,na,45200,Class,
Sale of motor vehicle parts and accessories, G,45,453,na,na,453,Group,
Wholesale trade of motor vehicle parts and accessories, G,45,453,4531,na,45310,Class,
Retail trade of motor vehicle parts and accessories, G,45,453,4532,na,45320,Class,
"Sale, maintenance and repair of motorcycles and related parts and accessories", G,45,454,na,na,454,Group,
"Sale, maintenance and repair of motorcycles and related parts and accessories", G,45,454,4540,na,45400,Class,
"Wholesale trade, except of motor vehicles and motorcycles", G,46,na,na,na,46,Division,
Wholesale on a fee or contract basis, G,46,461,na,na,461,Group,
"Agents involved in the sale of agricultural raw materials, live animals, textile raw materials and semi-finished goods", G,46,461,4611,na,46110,Class,
"Agents involved in the sale of fuels, ores, metals and industrial chemicals", G,46,461,4612,na,46120,Class,
Agents involved in the sale of timber and building materials, G,46,461,4613,na,46130,Class,
"Agents involved in the sale of machinery, industrial equipment, ships and aircraft", G,46,461,4614,na,46140,Class,
"Agents involved in the sale of furniture, household goods, hardware and ironmongery", G,46,461,4615,na,46150,Class,
"Agents involved in the sale of textiles, clothing, fur, footwear and leather goods", G,46,461,4616,na,46160,Class,
"Agents involved in the sale of food, beverages and tobacco", G,46,461,4617,na,46170,Class,
Agents specialised in the sale of other particular products, G,46,461,4618,na,46180,Class,
Agents involved in the sale of a variety of goods, G,46,461,4619,na,46190,Class,
Wholesale of agricultural raw materials and live animals, G,46,462,na,na,462,Group,
"Wholesale of grain, unmanufactured tobacco, seeds and animal feeds", G,46,462,4621,na,46210,Class,
Wholesale of flowers and plants, G,46,462,4622,na,46220,Class,
Wholesale of live animals, G,46,462,4623,na,46230,Class,
"Wholesale of hides, skins and leather", G,46,462,4624,na,46240,Class,
"Wholesale of food, beverages and tobacco", G,46,463,na,na,463,Group,
Wholesale of fruit and vegetables, G,46,463,4631,na,46310,Class,
Wholesale of meat and meat products, G,46,463,4632,na,46320,Class,
"Wholesale of dairy products, eggs and edible oils and fats", G,46,463,4633,na,46330,Class,
Wholesale of beverages, G,46,463,4634,na,46340,Class,
"Wholesale of fruit and vegetable juices, mineral waters and soft drinks", G,46,463,4634,46341,46341,Sub Class,
"Wholesale of wine, beer, spirits and other alcoholic beverages", G,46,463,4634,46342,46342,Sub Class,
Wholesale of tobacco products, G,46,463,4635,na,46350,Class,
Wholesale of sugar and chocolate and sugar confectionery, G,46,463,4636,na,46360,Class,
"Wholesale of coffee, tea, cocoa and spices", G,46,463,4637,na,46370,Class,
"Wholesale of other food, including fish, crustaceans and molluscs", G,46,463,4638,na,46380,Class,
"Non-specialised wholesale of food, beverages and tobacco", G,46,463,4639,na,46390,Class,
Wholesale of household goods, G,46,464,na,na,464,Group,
Wholesale of textiles, G,46,464,4641,na,46410,Class,
Wholesale of clothing and footwear, G,46,464,4642,na,46420,Class,
Wholesale of electrical household appliances, G,46,464,4643,na,46430,Class,
"Wholesale of gramophone records, audio tapes, compact discs and video tapes and of the equipment on which these are played", G,46,464,4643,46431,46431,Sub Class,
"Wholesale of radio and television goods and of electrical household appliances (other than of gramophone records, audio tapes, compact discs and video tapes and the equipment on which these are played) nec", G,46,464,4643,46439,46439,Sub Class,
Wholesale of china and glassware and cleaning materials, G,46,464,4644,na,46440,Class,
Wholesale of perfume and cosmetics, G,46,464,4645,na,46450,Class,
Wholesale of pharmaceutical goods, G,46,464,4646,na,46460,Class,
"Wholesale of furniture, carpets and lighting equipment", G,46,464,4647,na,46470,Class,
Wholesale of watches and jewellery, G,46,464,4648,na,46480,Class,
Wholesale of other household goods, G,46,464,4649,na,46490,Class,
Wholesale of musical instruments, G,46,464,4649,46491,46491,Sub Class,
Wholesale of household goods (other than musical instruments) nec, G,46,464,4649,46499,46499,Sub Class,
Wholesale of information and communication equipment, G,46,465,na,na,465,Group,
"Wholesale of computers, computer peripheral equipment and software", G,46,465,4651,na,46510,Class,
Wholesale of electronic and telecommunications equipment and parts, G,46,465,4652,na,46520,Class,
"Wholesale of other machinery, equipment and supplies", G,46,466,na,na,466,Group,
"Wholesale of agricultural machinery, equipment and supplies", G,46,466,4661,na,46610,Class,
Wholesale of machine tools, G,46,466,4662,na,46620,Class,
"Wholesale of mining, construction and civil engineering machinery", G,46,466,4663,na,46630,Class,
Wholesale of machinery for the textile industry and of sewing and knitting machines, G,46,466,4664,na,46640,Class,
Wholesale of office furniture, G,46,466,4665,na,46650,Class,
Wholesale of other office machinery and equipment, G,46,466,4666,na,46660,Class,
Wholesale of other machinery and equipment, G,46,466,4669,na,46690,Class,
Other specialised wholesale, G,46,467,na,na,467,Group,
"Wholesale of solid, liquid and gaseous fuels and related products", G,46,467,4671,na,46710,Class,
Wholesale of petroleum and petroleum products, G,46,467,4671,46711,46711,Sub Class,
Wholesale of fuels and related products (other than petroleum and petroleum products), G,46,467,4671,46719,46719,Sub Class,
Wholesale of metals and metal ores, G,46,467,4672,na,46720,Class,
"Wholesale of wood, construction materials and sanitary equipment", G,46,467,4673,na,46730,Class,
"Wholesale of hardware, plumbing and heating equipment and supplies", G,46,467,4674,na,46740,Class,
Wholesale of chemical products, G,46,467,4675,na,46750,Class,
Wholesale of other intermediate products, G,46,467,4676,na,46760,Class,
Wholesale of waste and scrap, G,46,467,4677,na,46770,Class,
Non-specialised wholesale trade, G,46,469,na,na,469,Group,
Non-specialised wholesale trade, G,46,469,4690,na,46900,Class,
"Retail trade, except of motor vehicles and motorcycles", G,47,na,na,na,47,Division,
Retail sale in non-specialised stores, G,47,471,na,na,471,Group,
"Retail sale in non-specialised stores with food, beverages or tobacco predominating", G,47,471,4711,na,47110,Class,
Other retail sale in non-specialised stores, G,47,471,4719,na,47190,Class,
"Retail sale of food, beverages and tobacco in specialised stores", G,47,472,na,na,472,Group,
Retail sale of fruit and vegetables in specialised stores, G,47,472,4721,na,47210,Class,
Retail sale of meat and meat products in specialised stores, G,47,472,4722,na,47220,Class,
"Retail sale of fish, crustaceans and molluscs in specialised stores", G,47,472,4723,na,47230,Class,
"Retail sale of bread, cakes, flour confectionery and sugar confectionery in specialised stores", G,47,472,4724,na,47240,Class,
Retail sale of beverages in specialised stores, G,47,472,4725,na,47250,Class,
Retail sale of tobacco products in specialised stores, G,47,472,4726,na,47260,Class,
Other retail sale of food in specialised stores, G,47,472,4729,na,47290,Class,
Retail sale of automotive fuel in specialised stores, G,47,473,na,na,473,Group,
Retail sale of automotive fuel in specialised stores, G,47,473,4730,na,47300,Class,
Retail sale of information and communication equipment in specialised stores, G,47,474,na,na,474,Group,
"Retail sale of computers, peripheral units and software in specialised stores", G,47,474,4741,na,47410,Class,
Retail sale of telecommunications equipment in specialised stores, G,47,474,4742,na,47420,Class,
Retail sale of mobile telephones in specialised stores, G,47,474,4742,47421,47421,Sub Class,
"Retail sale of telecommunications equipment (other than mobile telephones) nec, in specialised stores", G,47,474,4742,47429,47429,Sub Class,
Retail sale of audio and video equipment in specialised stores, G,47,474,4743,na,47430,Class,
Retail sale of other household equipment in specialised stores, G,47,475,na,na,475,Group,
Retail sale of textiles in specialised stores, G,47,475,4751,na,47510,Class,
"Retail sale of hardware, paints and glass in specialised stores", G,47,475,4752,na,47520,Class,
"Retail sale of carpets, rugs, wall and floor coverings in specialised stores", G,47,475,4753,na,47530,Class,
Retail sale of electrical household appliances in specialised stores, G,47,475,4754,na,47540,Class,
"Retail sale of furniture, lighting equipment and other household articles in specialised stores", G,47,475,4759,na,47590,Class,
Retail sale of musical instruments and scores in specialised stores, G,47,475,4759,47591,47591,Sub Class,
"Retail sale of furniture, lighting equipment and other household articles (other than musical instruments) nec, in specialised stores", G,47,475,4759,47599,47599,Sub Class,
Retail sale of cultural and recreation goods in specialised stores, G,47,476,na,na,476,Group,
Retail sale of books in specialised stores, G,47,476,4761,na,47610,Class,
Retail sale of newspapers and stationery in specialised stores, G,47,476,4762,na,47620,Class,
Retail sale of music and video recordings in specialised stores, G,47,476,4763,na,47630,Class,
Retail sale of sporting equipment in specialised stores, G,47,476,4764,na,47640,Class,
Retail sale of games and toys in specialised stores, G,47,476,4765,na,47650,Class,
Retail sale of other goods in specialised stores, G,47,477,na,na,477,Group,
Retail sale of clothing in specialised stores, G,47,477,4771,na,47710,Class,
Retail sale of footwear and leather goods in specialised stores, G,47,477,4772,na,47720,Class,
Retail sale of footwear in specialised stores, G,47,477,4772,47721,47721,Sub Class,
Retail sale of leather goods in specialised stores, G,47,477,4772,47722,47722,Sub Class,
Dispensing chemist in specialised stores, G,47,477,4773,na,47730,Class,
Retail sale of medical and orthopaedic goods in specialised stores, G,47,477,4774,na,47740,Class,
Retail sale of hearing aids in specialised stores, G,47,477,4774,47741,47741,Sub Class,
"Retail sale of medical and orthopaedic goods (other than hearing aids) nec, in specialised stores", G,47,477,4774,47749,47749,Sub Class,
Retail sale of cosmetic and toilet articles in specialised stores, G,47,477,4775,na,47750,Class,
"Retail sale of flowers, plants, seeds, fertilisers, pet animals and pet food in specialised stores", G,47,477,4776,na,47760,Class,
Retail sale of watches and jewellery in specialised stores, G,47,477,4777,na,47770,Class,
Other retail sale of new goods in specialised stores, G,47,477,4778,na,47780,Class,
Retail sale in commercial art galleries, G,47,477,4778,47781,47781,Sub Class,
Retail sale by opticians, G,47,477,4778,47782,47782,Sub Class,
"Other retail sale of new goods in specialised stores (other than by opticians or commercial art galleries), nec", G,47,477,4778,47789,47789,Sub Class,
Retail sale of second-hand goods in stores, G,47,477,4779,na,47790,Class,
"Retail sale of antiques including antique books, in stores", G,47,477,4779,47791,47791,Sub Class,
Retail sale of second-hand goods (other than antiques and antique books) in stores, G,47,477,4779,47799,47799,Sub Class,
Retail sale via stalls and markets, G,47,478,na,na,478,Group,
"Retail sale via stalls and markets of food, beverages and tobacco products", G,47,478,4781,na,47810,Class,
"Retail sale via stalls and markets of textiles, clothing and footwear", G,47,478,4782,na,47820,Class,
Retail sale via stalls and markets of other goods, G,47,478,4789,na,47890,Class,
"Retail trade not in stores, stalls or markets", G,47,479,na,na,479,Group,
Retail sale via mail order houses or via Internet, G,47,479,4791,na,47910,Class,
"Other retail sale not in stores, stalls or markets", G,47,479,4799,na,47990,Class,
TRANSPORTATION AND STORAGE, H,na,na,na,na, H,SECTION,
Land transport and transport via pipelines, H,49,na,na,na,49,Division,
"Passenger rail transport, interurban", H,49,491,na,na,491,Group,
"Passenger rail transport, interurban", H,49,491,4910,na,49100,Class,
Freight rail transport, H,49,492,na,na,492,Group,
Freight rail transport, H,49,492,4920,na,49200,Class,
Other passenger land transport, H,49,493,na,na,493,Group,
Urban and suburban passenger land transport, H,49,493,4931,na,49310,Class,
"Urban, suburban or metropolitan area passenger railway transportation by underground, metro and similar systems", H,49,493,4931,49311,49311,Sub Class,
"Urban, suburban or metropolitan area passenger land transport other than railway transportation by underground, metro and similar systems", H,49,493,4931,49319,49319,Sub Class,
Taxi operation, H,49,493,4932,na,49320,Class,
Other passenger land transport nec, H,49,493,4939,na,49390,Class,
Freight transport by road and removal services, H,49,494,na,na,494,Group,
Freight transport by road, H,49,494,4941,na,49410,Class,
Removal services, H,49,494,4942,na,49420,Class,
Transport via pipeline, H,49,495,na,na,495,Group,
Transport via pipeline, H,49,495,4950,na,49500,Class,
Water transport, H,50,na,na,na,50,Division,
Sea and coastal passenger water transport, H,50,501,na,na,501,Group,
Sea and coastal passenger water transport, H,50,501,5010,na,50100,Class,
Sea and coastal freight water transport, H,50,502,na,na,502,Group,
Sea and coastal freight water transport, H,50,502,5020,na,50200,Class,
Inland passenger water transport, H,50,503,na,na,503,Group,
Inland passenger water transport, H,50,503,5030,na,50300,Class,
Inland freight water transport, H,50,504,na,na,504,Group,
Inland freight water transport, H,50,504,5040,na,50400,Class,
Air transport, H,51,na,na,na,51,Division,
Passenger air transport, H,51,511,na,na,511,Group,
Passenger air transport, H,51,511,5110,na,51100,Class,
Scheduled passenger air transport, H,51,511,5110,51101,51101,Sub Class,
Non-scheduled passenger air transport, H,51,511,5110,51102,51102,Sub Class,
Freight air transport and space transport, H,51,512,na,na,512,Group,
Freight air transport, H,51,512,5121,na,51210,Class,
Space transport, H,51,512,5122,na,51220,Class,
Warehousing and support activities for transportation, H,52,na,na,na,52,Division,
Warehousing and storage, H,52,521,na,na,521,Group,
Warehousing and storage, H,52,521,5210,na,52100,Class,
Operation of warehousing and storage facilities for water transport activities of division 50, H,52,521,5210,52101,52101,Sub Class,
Operation of warehousing and storage facilities for air transport activities of division 51, H,52,521,5210,52102,52102,Sub Class,
Operation of warehousing and storage facilities for land transport activities of division 49, H,52,521,5210,52103,52103,Sub Class,
Support activities for transportation, H,52,522,na,na,522,Group,
Service activities incidental to land transportation, H,52,522,5221,na,52210,Class,
Operation of rail freight terminals, H,52,522,5221,52211,52211,Sub Class,
Operation of rail passenger facilities at railway stations, H,52,522,5221,52212,52212,Sub Class,
Operation of bus and coach passenger facilities at bus and coach stations, H,52,522,5221,52213,52213,Sub Class,
"Other service activities incidental to land transportation, nec (not including operation of rail freight terminals, passenger facilities at railway stations or passenger facilities at bus and coach stations)", H,52,522,5221,52219,52219,Sub Class,
Service activities incidental to water transportation, H,52,522,5222,na,52220,Class,
Service activities incidental to air transportation, H,52,522,5223,na,52230,Class,
Cargo handling, H,52,522,5224,na,52240,Class,
Cargo handling for water transport activities of division 50, H,52,522,5224,52241,52241,Sub Class,
Cargo handling for air transport activities of division 51, H,52,522,5224,52242,52242,Sub Class,
Cargo handling for land transport activities of division 49, H,52,522,5224,52243,52243,Sub Class,
Other transportation support activities, H,52,522,5229,na,52290,Class,
Postal and courier activities, H,53,na,na,na,53,Division,
Postal activities under universal service obligation, H,53,531,na,na,531,Group,
Postal activities under universal service obligation, H,53,531,5310,na,53100,Class,
Other postal and courier activities, H,53,532,na,na,532,Group,
Other postal and courier activities, H,53,532,5320,na,53200,Class,
Licensed Carriers, H,53,532,5320,53201,53201,Sub Class,
Unlicensed Carriers, H,53,532,5320,53202,53202,Sub Class,
ACCOMMODATION AND FOOD SERVICE ACTIVITIES, I,na,na,na,na, I,SECTION,
Accommodation, I,55,na,na,na,55,Division,
Hotels and similar accommodation, I,55,551,na,na,551,Group,
Hotels and similar accommodation, I,55,551,5510,na,55100,Class,
Holiday and other short-stay accommodation, I,55,552,na,na,552,Group,
Holiday and other short-stay accommodation, I,55,552,5520,na,55200,Class,
Holiday centres and villages, I,55,552,5520,55201,55201,Sub Class,
Youth hostels, I,55,552,5520,55202,55202,Sub Class,
Other holiday and other short-stay accommodation (not including holiday centres and villages or youth hostels) nec, I,55,552,5520,55209,55209,Sub Class,
"Camping grounds, recreational vehicle parks and trailer parks", I,55,553,na,na,553,Group,
"Camping grounds, recreational vehicle parks and trailer parks", I,55,553,5530,na,55300,Class,
Other accommodation, I,55,559,na,na,559,Group,
Other accommodation, I,55,559,5590,na,55900,Class,
Food and beverage service activities, I,56,na,na,na,56,Division,
Restaurants and mobile food service activities, I,56,561,na,na,561,Group,
Restaurants and mobile food service activities, I,56,561,5610,na,56100,Class,
Licensed restaurants, I,56,561,5610,56101,56101,Sub Class,
Unlicensed restaurants and cafes, I,56,561,5610,56102,56102,Sub Class,
Take away food shops and mobile food stands, I,56,561,5610,56103,56103,Sub Class,
Event catering and other food service activities, I,56,562,na,na,562,Group,
Event catering activities, I,56,562,5621,na,56210,Class,
Other food service activities, I,56,562,5629,na,56290,Class,
Beverage serving activities, I,56,563,na,na,563,Group,
Beverage serving activities, I,56,563,5630,na,56300,Class,
Licensed clubs, I,56,563,5630,56301,56301,Sub Class,
Public houses and bars, I,56,563,5630,56302,56302,Sub Class,
INFORMATION AND COMMUNICATION, J,na,na,na,na, J,SECTION,
Publishing activities,J,58,na,na,na,58,Division,
"Publishing of books, periodicals and other publishing activities",J,58,581,na,na,581,Group,
Book publishing,J,58,581,5811,na,58110,Class,
Publishing of directories and mailing lists,J,58,581,5812,na,58120,Class,
Publishing of newspapers,J,58,581,5813,na,58130,Class,
Publishing of journals and periodicals,J,58,581,5814,na,58140,Class,
Publishing of learned journals,J,58,581,5814,58141,58141,Sub Class,
"Publishing of consumer, business and professional journals and periodicals",J,58,581,5814,58142,58142,Sub Class,
Other publishing activities,J,58,581,5819,na,58190,Class,
Software publishing,J,58,582,na,na,582,Group,
Publishing of computer games,J,58,582,5821,na,58210,Class,
Other software publishing,J,58,582,5829,na,58290,Class,
"Motion picture, video and television programme production, sound recording and music publishing activities",J,59,na,na,na,59,Division,
"Motion picture, video and television programme activities",J,59,591,na,na,591,Group,
"Motion picture, video and television programme production activities",J,59,591,5911,na,59110,Class,
Motion picture production activities,J,59,591,5911,59111,59111,Sub Class,
Video production activities,J,59,591,5911,59112,59112,Sub Class,
Television programme production activities,J,59,591,5911,59113,59113,Sub Class,
"Motion picture, video and television programme post-production activities",J,59,591,5912,na,59120,Class,
"Motion picture, video and television programme distribution activities",J,59,591,5913,na,59130,Class,
Motion picture distribution activities,J,59,591,5913,59131,59131,Sub Class,
Video distribution activities,J,59,591,5913,59132,59132,Sub Class,
Television programme distribution activities,J,59,591,5913,59133,59133,Sub Class,
Motion picture projection activities,J,59,591,5914,na,59140,Class,
Sound recording and music publishing activities,J,59,592,na,na,592,Group,
Sound recording and music publishing activities,J,59,592,5920,na,59200,Class,
Programming and broadcasting activities,J,60,na,na,na,60,Division,
Radio broadcasting,J,60,601,na,na,601,Group,
Radio broadcasting,J,60,601,6010,na,60100,Class,
Television programming and broadcasting activities,J,60,602,na,na,602,Group,
Television programming and broadcasting activities,J,60,602,6020,na,60200,Class,
Telecommunications,J,61,na,na,na,61,Division,
Wired telecommunications activities,J,61,611,na,na,611,Group,
Wired telecommunications activities,J,61,611,6110,na,61100,Class,
Wireless telecommunications activities,J,61,612,na,na,612,Group,
Wireless telecommunications activities,J,61,612,6120,na,61200,Class,
Satellite telecommunications activities,J,61,613,na,na,613,Group,
Satellite telecommunications activities,J,61,613,6130,na,61300,Class,
Other telecommunications activities,J,61,619,na,na,619,Group,
Other telecommunications activities,J,61,619,6190,na,61900,Class,
"Computer programming, consultancy and related activities",J,62,na,na,na,62,Division,
"Computer programming, consultancy and related activities",J,62,620,na,na,620,Group,
Computer programming activities,J,62,620,6201,na,62010,Class,
Ready-made interactive leisure and entertainment software development,J,62,620,6201,62011,62011,Sub Class,
Business and domestic software development,J,62,620,6201,62012,62012,Sub Class,
Computer consultancy activities,J,62,620,6202,na,62020,Class,
Computer facilities management activities,J,62,620,6203,na,62030,Class,
Other information technology and computer service activities,J,62,620,6209,na,62090,Class,
Information service activities,J,63,na,na,na,63,Division,
"Data processing, hosting and related activities; web portals",J,63,631,na,na,631,Group,
"Data processing, hosting and related activities",J,63,631,6311,na,63110,Class,
Web portals,J,63,631,6312,na,63120,Class,
Other information service activities,J,63,639,na,na,639,Group,
News agency activities,J,63,639,6391,na,63910,Class,
Other information service activities nec,J,63,639,6399,na,63990,Class,
FINANCIAL AND INSURANCE ACTIVITIES, K,na,na,na,na, K,SECTION,
"Financial service activities, except insurance and pension funding", K,64,na,na,na,64,Division,
Monetary intermediation, K,64,641,na,na,641,Group,
Central banking, K,64,641,6411,na,64110,Class,
Other monetary intermediation, K,64,641,6419,na,64190,Class,
Banks, K,64,641,6419,64191,64191,Sub Class,
Building societies, K,64,641,6419,64192,64192,Sub Class,
Activities of holding companies, K,64,642,na,na,642,Group,
Activities of holding companies, K,64,642,6420,na,64200,Class,
Activities of agricultural holding companies, K,64,642,6420,64201,64201,Sub Class,
Activities of production holding companies, K,64,642,6420,64202,64202,Sub Class,
Activities of construction holding companies, K,64,642,6420,64203,64203,Sub Class,
Activities of distribution holding companies, K,64,642,6420,64204,64204,Sub Class,
Activities of financial services holding companies, K,64,642,6420,64205,64205,Sub Class,
"Activities of other holding companies (not including agricultural, production, construction, distribution and financial services holding companies) nec", K,64,642,6420,64209,64209,Sub Class,
"Trusts, funds and similar financial entities", K,64,643,na,na,643,Group,
"Trusts, funds and similar financial entities", K,64,643,6430,na,64300,Class,
Activities of investment trusts, K,64,643,6430,64301,64301,Sub Class,
Activities of unit trusts, K,64,643,6430,64302,64302,Sub Class,
Activities of venture and development capital companies, K,64,643,6430,64303,64303,Sub Class,
Activities of open-ended investment companies, K,64,643,6430,64304,64304,Sub Class,
Activities of property unit trusts, K,64,643,6430,64305,64305,Sub Class,
Activities of real estate investment trusts, K,64,643,6430,64306,64306,Sub Class,
"Other financial service activities, except insurance and pension funding", K,64,649,na,na,649,Group,
Financial leasing, K,64,649,6491,na,64910,Class,
Other credit granting, K,64,649,6492,na,64920,Class,
Credit granting by non-deposit taking finance houses and other specialist consumer credit grantors, K,64,649,6492,64921,64921,Sub Class,
Activities of mortgage finance companies, K,64,649,6492,64922,64922,Sub Class,
Other credit granting (not including credit granting by non-deposit taking finance houses and other specialist consumer credit grantors and activities of mortgage finance companies) nec, K,64,649,6492,64929,64929,Sub Class,
"Other financial service activities, except insurance and pension funding, nec", K,64,649,6499,na,64990,Class,
Security dealing on own account, K,64,649,6499,64991,64991,Sub Class,
Factoring, K,64,649,6499,64992,64992,Sub Class,
"Other financial service activities, except insurance and pension funding, (not including security dealing on own account and factoring) nec", K,64,649,6499,64999,64999,Sub Class,
"Insurance, reinsurance and pension funding, except compulsory social security", K,65,na,na,na,65,Division,
Insurance, K,65,651,na,na,651,Group,
Life insurance, K,65,651,6511,na,65110,Class,
Non-life insurance, K,65,651,6512,na,65120,Class,
Reinsurance, K,65,652,na,na,652,Group,
Reinsurance, K,65,652,6520,na,65200,Class,
Life reinsurance, K,65,652,6520,65201,65201,Sub Class,
Non-life reinsurance, K,65,652,6520,65202,65202,Sub Class,
Pension funding, K,65,653,na,na,653,Group,
Pension funding, K,65,653,6530,na,65300,Class,
Activities auxiliary to financial services and insurance activities, K,66,na,na,na,66,Division,
"Activities auxiliary to financial services, except insurance and pension funding", K,66,661,na,na,661,Group,
Administration of financial markets, K,66,661,6611,na,66110,Class,
Security and commodity contracts brokerage, K,66,661,6612,na,66120,Class,
"Other activities auxiliary to financial services, except insurance and pension funding", K,66,661,6619,na,66190,Class,
Activities auxiliary to insurance and pension funding, K,66,662,na,na,662,Group,
Risk and damage evaluation, K,66,662,6621,na,66210,Class,
Activities of insurance agents and brokers, K,66,662,6622,na,66220,Class,
Other activities auxiliary to insurance and pension funding, K,66,662,6629,na,66290,Class,
Fund management activities, K,66,663,na,na,663,Group,
Fund management activities, K,66,663,6630,na,66300,Class,
REAL ESTATE ACTIVITIES, L,na,na,na,na, L,SECTION,
Real estate activities, L,68,na,na,na,68,Division,
Buying and selling of own real estate, L,68,681,na,na,681,Group,
Buying and selling of own real estate, L,68,681,6810,na,68100,Class,
Renting and operating of own or leased real estate, L,68,682,na,na,682,Group,
Renting and operating of own or leased real estate, L,68,682,6820,na,68200,Class,
Renting and operating of Housing Association real estate, L,68,682,6820,68201,68201,Sub Class,
Letting and operating of conference and exhibition centres, L,68,682,6820,68202,68202,Sub Class,
Letting and operating of own or leased real estate (other than Housing Association real estate and conference and exhibition services) nec, L,68,682,6820,68209,68209,Sub Class,
Real estate activities on a fee or contract basis, L,68,683,na,na,683,Group,
Real estate agencies, L,68,683,6831,na,68310,Class,
Management of real estate on a fee or contract basis, L,68,683,6832,na,68320,Class,
"PROFESSIONAL, SCIENTIFIC AND TECHNICAL ACTIVITIES", M,na,na,na,na, M,SECTION,
Legal and accounting activities, M,69,na,na,na,69,Division,
Legal activities, M,69,691,na,na,691,Group,
Legal activities, M,69,691,6910,na,69100,Class,
Barristers at law, M,69,691,6910,69101,69101,Sub Class,
Solicitors, M,69,691,6910,69102,69102,Sub Class,
Activities of patent and copyright agents; other legal activities (other than those of barristers and solicitors) nec, M,69,691,6910,69109,69109,Sub Class,
"Accounting, bookkeeping and auditing activities; tax consultancy", M,69,692,na,na,692,Group,
"Accounting, bookkeeping and auditing activities; tax consultancy", M,69,692,6920,na,69200,Class,
"Accounting, and auditing activities", M,69,692,6920,69201,69201,Sub Class,
Bookkeeping activities, M,69,692,6920,69202,69202,Sub Class,
Tax consultancy, M,69,692,6920,69203,69203,Sub Class,
Activities of head offices; management consultancy activities, M,70,na,na,na,70,Division,
Activities of head offices, M,70,701,na,na,701,Group,
Activities of head offices, M,70,701,7010,na,70100,Class,
Management consultancy activities, M,70,702,na,na,702,Group,
Public relations and communication activities, M,70,702,7021,na,70210,Class,
Business and other management consultancy activities, M,70,702,7022,na,70220,Class,
Financial management, M,70,702,7022,70221,70221,Sub Class,
Management consultancy activities (other than financial management), M,70,702,7022,70229,70229,Sub Class,
Architectural and engineering activities; technical testing and analysis, M,71,na,na,na,71,Division,
Architectural and engineering activities and related technical consultancy, M,71,711,na,na,711,Group,
Architectural activities, M,71,711,7111,na,71110,Class,
Architectural activities, M,71,711,7111,71111,71111,Sub Class,
Urban planning and landscape architectural activities, M,71,711,7111,71112,71112,Sub Class,
Engineering activities and related technical consultancy, M,71,711,7112,na,71120,Class,
Engineering design activities for industrial process and production, M,71,711,7112,71121,71121,Sub Class,
Engineering related scientific and technical consulting activities, M,71,711,7112,71122,71122,Sub Class,
Other engineering activities (not including engineering design for industrial process and production or engineering related scientific and technical consulting activities), M,71,711,7112,71129,71129,Sub Class,
Technical testing and analysis, M,71,712,na,na,712,Group,
Technical testing and analysis, M,71,712,7120,na,71200,Class,
Scientific research and development, M,72,na,na,na,72,Division,
Research and experimental development on natural sciences and engineering, M,72,721,na,na,721,Group,
Research and experimental development on biotechnology, M,72,721,7211,na,72110,Class,
Other research and experimental development on natural sciences and engineering, M,72,721,7219,na,72190,Class,
Research and experimental development on social sciences and humanities, M,72,722,na,na,722,Group,
Research and experimental development on social sciences and humanities, M,72,722,7220,na,72200,Class,
Advertising and market research, M,73,na,na,na,73,Division,
Advertising, M,73,731,na,na,731,Group,
Advertising agencies, M,73,731,7311,na,73110,Class,
Media representation, M,73,731,7312,na,73120,Class,
Market research and public opinion polling, M,73,732,na,na,732,Group,
Market research and public opinion polling, M,73,732,7320,na,73200,Class,
"Other professional, scientific and technical activities", M,74,na,na,na,74,Division,
Specialised design activities, M,74,741,na,na,741,Group,
Specialised design activities, M,74,741,7410,na,74100,Class,
Photographic activities, M,74,742,na,na,742,Group,
Photographic activities, M,74,742,7420,na,74200,Class,
Portrait photographic activities, M,74,742,7420,74201,74201,Sub Class,
Other specialist photography (not including portrait photography), M,74,742,7420,74202,74202,Sub Class,
Film processing, M,74,742,7420,74203,74203,Sub Class,
Other photographic activities (not including portrait and other specialist photography and film processing) nec, M,74,742,7420,74209,74209,Sub Class,
Translation and interpretation activities, M,74,743,na,na,743,Group,
Translation and interpretation activities, M,74,743,7430,na,74300,Class,
"Other professional, scientific and technical activities nec", M,74,749,na,na,749,Group,
"Other professional, scientific and technical activities nec", M,74,749,7490,na,74900,Class,
Environmental consulting activities, M,74,749,7490,74901,74901,Sub Class,
Quantity surveying activities, M,74,749,7490,74902,74902,Sub Class,
"Other professional, scientific and technical activities (not including environmental consultancy or quantity surveying) nec", M,74,749,7490,74909,74909,Sub Class,
Veterinary activities, M,75,na,na,na,75,Division,
Veterinary activities, M,75,750,na,na,750,Group,
Veterinary activities, M,75,750,7500,na,75000,Class,
ADMINISTRATIVE AND SUPPORT SERVICE ACTIVITIES, N,na,na,na,na, N,SECTION,
Rental and leasing activities, N,77,na,na,na,77,Division,
Renting and leasing of motor vehicles, N,77,771,na,na,771,Group,
Renting and leasing of cars and light motor vehicles, N,77,771,7711,na,77110,Class,
Renting and leasing of trucks, N,77,771,7712,na,77120,Class,
Renting and leasing of personal and household goods, N,77,772,na,na,772,Group,
Renting and leasing of recreational and sports goods, N,77,772,7721,na,77210,Class,
Renting of video tapes and disks, N,77,772,7722,na,77220,Class,
Renting and leasing of other personal and household goods, N,77,772,7729,na,77290,Class,
Renting and leasing of media entertainment equipment, N,77,772,7729,77291,77291,Sub Class,
Renting and leasing of other personal and household goods (other than media entertainment equipment), N,77,772,7729,77299,77299,Sub Class,
"Renting and leasing of other machinery, equipment and tangible goods", N,77,773,na,na,773,Group,
Renting and leasing of agricultural machinery and equipment, N,77,773,7731,na,77310,Class,
Renting and leasing of construction and civil engineering machinery and equipment, N,77,773,7732,na,77320,Class,
Renting and leasing of office machinery and equipment (including computers), N,77,773,7733,na,77330,Class,
Renting and leasing of water transport equipment, N,77,773,7734,na,77340,Class,
Renting and leasing of passenger water transport equipment, N,77,773,7734,77341,77341,Sub Class,
Renting and leasing of freight water transport equipment, N,77,773,7734,77342,77342,Sub Class,
Renting and leasing of air transport equipment, N,77,773,7735,na,77350,Class,
Renting and leasing of passenger air transport equipment, N,77,773,7735,77351,77351,Sub Class,
Renting and leasing of freight air transport equipment, N,77,773,7735,77352,77352,Sub Class,
"Renting and leasing of other machinery, equipment and tangible goods nec", N,77,773,7739,na,77390,Class,
"Leasing of intellectual property and similar products, except copyrighted works", N,77,774,na,na,774,Group,
"Leasing of intellectual property and similar products, except copyrighted works", N,77,774,7740,na,77400,Class,
Employment activities, N,78,na,na,na,78,Division,
Activities of employment placement agencies, N,78,781,na,na,781,Group,
Activities of employment placement agencies, N,78,781,7810,na,78100,Class,
"Motion picture, television and other theatrical casting", N,78,781,7810,78101,78101,Sub Class,
"Activities of employment placement agencies (other than motion picture, television and other theatrical casting) nec", N,78,781,7810,78109,78109,Sub Class,
Temporary employment agency activities, N,78,782,na,na,782,Group,
Temporary employment agency activities, N,78,782,7820,na,78200,Class,
Other human resources provision, N,78,783,na,na,783,Group,
Other human resources provision, N,78,783,7830,na,78300,Class,
"Travel agency, tour operator and other reservation service and related activities", N,79,na,na,na,79,Division,
Travel agency and tour operator activities, N,79,791,na,na,791,Group,
Travel agency activities, N,79,791,7911,na,79110,Class,
Tour operator activities, N,79,791,7912,na,79120,Class,
Other reservation service and related activities, N,79,799,na,na,799,Group,
Other reservation service and related activities, N,79,799,7990,na,79900,Class,
Activities of tourist guides, N,79,799,7990,79901,79901,Sub Class,
Other reservation service and related activities (not including activities of tourist guides), N,79,799,7990,79909,79909,Sub Class,
Security and investigation activities, N,80,na,na,na,80,Division,
Private security activities, N,80,801,na,na,801,Group,
Private security activities, N,80,801,8010,na,80100,Class,
Security systems service activities, N,80,802,na,na,802,Group,
Security systems service activities, N,80,802,8020,na,80200,Class,
Investigation activities, N,80,803,na,na,803,Group,
Investigation activities, N,80,803,8030,na,80300,Class,
Services to buildings and landscape activities, N,81,na,na,na,81,Division,
Combined facilities support activities, N,81,811,na,na,811,Group,
Combined facilities support activities, N,81,811,8110,na,81100,Class,
Cleaning activities, N,81,812,na,na,812,Group,
General cleaning of buildings, N,81,812,8121,na,81210,Class,
Other building and industrial cleaning activities, N,81,812,8122,na,81220,Class,
Window cleaning services, N,81,812,8122,81221,81221,Sub Class,
Specialised cleaning services, N,81,812,8122,81222,81222,Sub Class,
Furnace and chimney cleaning services, N,81,812,8122,81223,81223,Sub Class,
"Building and industrial cleaning activities (other than window cleaning, specialised cleaning and furnace and chimney cleaning services) nec", N,81,812,8122,81229,81229,Sub Class,
Other cleaning activities, N,81,812,8129,na,81290,Class,
Disinfecting and extermination services, N,81,812,8129,81291,81291,Sub Class,
Cleaning services (other than disinfecting and extermination services) nec, N,81,812,8129,81299,81299,Sub Class,
Landscape service activities, N,81,813,na,na,813,Group,
Landscape service activities, N,81,813,8130,na,81300,Class,
"Office administrative, office support and other business support activities", N,82,na,na,na,82,Division,
Office administrative and support activities, N,82,821,na,na,821,Group,
Combined office administrative service activities, N,82,821,8211,na,82110,Class,
"Photocopying, document preparation and other specialised office support activities", N,82,821,8219,na,82190,Class,
Activities of call centres, N,82,822,na,na,822,Group,
Activities of call centres, N,82,822,8220,na,82200,Class,
Organisation of conventions and trade shows, N,82,823,na,na,823,Group,
Organisation of conventions and trade shows, N,82,823,8230,na,82300,Class,
Activities of exhibition and fair organizers, N,82,823,8230,82301,82301,Sub Class,
Activities of conference organizers, N,82,823,8230,82302,82302,Sub Class,
Business support service activities nec, N,82,829,na,na,829,Group,
Activities of collection agencies and credit bureaus, N,82,829,8291,na,82910,Class,
Activities of collection agencies, N,82,829,8291,82911,82911,Sub Class,
Activities of credit bureaus, N,82,829,8291,82922,82922,Sub Class,
Packaging activities, N,82,829,8292,na,82920,Class,
Other business support service activities nec, N,82,829,8299,na,82990,Class,
PUBLIC ADMINISTRATION AND DEFENCE; COMPULSORY SOCIAL SECURITY, O,na,na,na,na, O,SECTION,
Public administration and defence; compulsory social security, O,84,na,na,na,84,Division,
Administration of the State and the economic and social policy of the community, O,84,841,na,na,841,Group,
General public administration activities, O,84,841,8411,na,84110,Class,
"Regulation of the activities of providing health care, education, cultural services and other social services, excluding social security", O,84,841,8412,na,84120,Class,
Regulation of and contribution to more efficient operation of businesses, O,84,841,8413,na,84130,Class,
Provision of services to the community as a whole, O,84,842,na,na,842,Group,
Foreign affairs, O,84,842,8421,na,84210,Class,
Defence activities, O,84,842,8422,na,84220,Class,
Justice and judicial activities, O,84,842,8423,na,84230,Class,
Public order and safety activities, O,84,842,8424,na,84240,Class,
Fire service activities, O,84,842,8425,na,84250,Class,
Compulsory social security activities, O,84,843,na,na,843,Group,
Compulsory social security activities, O,84,843,8430,na,84300,Class,
EDUCATION, P,na,na,na,na, P,SECTION,
Education, P,85,na,na,na,85,Division,
Pre-primary education, P,85,851,na,na,851,Group,
Pre-primary education, P,85,851,8510,na,85100,Class,
Primary education, P,85,852,na,na,852,Group,
Primary education, P,85,852,8520,na,85200,Class,
Secondary education, P,85,853,na,na,853,Group,
General secondary education, P,85,853,8531,na,85310,Class,
Technical and vocational secondary education, P,85,853,8532,na,85320,Class,
Higher education, P,85,854,na,na,854,Group,
Post-secondary non-tertiary education, P,85,854,8541,na,85410,Class,
Tertiary education, P,85,854,8542,na,85420,Class,
First-degree level higher education, P,85,854,8542,85421,85421,Sub Class,
Post-graduate level higher education, P,85,854,8542,85422,85422,Sub Class,
Other education, P,85,855,na,na,855,Group,
Sports and recreation education, P,85,855,8551,na,85510,Class,
Cultural education, P,85,855,8552,na,85520,Class,
Driving school activities, P,85,855,8553,na,85530,Class,
Other education nec, P,85,855,8559,na,85590,Class,
Educational support activities, P,85,856,na,na,856,Group,
Educational support activities, P,85,856,8560,na,85600,Class,
HUMAN HEALTH AND SOCIAL WORK ACTIVITIES, Q,na,na,na,na, Q,SECTION,
Human health activities, Q,86,na,na,na,86,Division,
Hospital activities, Q,86,861,na,na,861,Group,
Hospital activities, Q,86,861,8610,na,86100,Class,
Hospital activities, Q,86,861,8610,86101,86101,Sub Class,
Medical nursing home activities, Q,86,861,8610,86102,86102,Sub Class,
Medical and dental practice activities, Q,86,862,na,na,862,Group,
General medical practice activities, Q,86,862,8621,na,86210,Class,
Specialist medical practice activities, Q,86,862,8622,na,86220,Class,
Dental practice activities, Q,86,862,8623,na,86230,Class,
Other human health activities, Q,86,869,na,na,869,Group,
Other human health activities, Q,86,869,8690,na,86900,Class,
Residential care activities, Q,87,na,na,na,87,Division,
Residential nursing care activities, Q,87,871,na,na,871,Group,
Residential nursing care activities, Q,87,871,8710,na,87100,Class,
"Residential care activities for learning disabilities, mental health and substance abuse", Q,87,872,na,na,872,Group,
"Residential care activities for learning disabilities, mental health and substance abuse", Q,87,872,8720,na,87200,Class,
Residential care activities for the elderly and disabled, Q,87,873,na,na,873,Group,
Residential care activities for the elderly and disabled, Q,87,873,8730,na,87300,Class,
Other residential care activities, Q,87,879,na,na,879,Group,
Other residential care activities, Q,87,879,8790,na,87900,Class,
Social work activities without accommodation, Q,88,na,na,na,88,Division,
Social work activities without accommodation for the elderly and disabled, Q,88,881,na,na,881,Group,
Social work activities without accommodation for the elderly and disabled, Q,88,881,8810,na,88100,Class,
Other social work activities without accommodation, Q,88,889,na,na,889,Group,
Child day-care activities, Q,88,889,8891,na,88910,Class,
Other social work activities without accommodation nec, Q,88,889,8899,na,88990,Class,
"ARTS, ENTERTAINMENT AND RECREATION", R,na,na,na,na, R,SECTION,
"Creative, arts and entertainment activities", R,90,na,na,na,90,Division,
"Creative, arts and entertainment activities", R,90,900,na,na,900,Group,
Performing arts, R,90,900,9001,na,90010,Class,
Support activities to performing arts, R,90,900,9002,na,90020,Class,
Artistic creation, R,90,900,9003,na,90030,Class,
Operation of arts facilities, R,90,900,9004,na,90040,Class,
"Libraries, archives, museums and other cultural activities", R,91,na,na,na,91,Division,
"Libraries, archives, museums and other cultural activities", R,91,910,na,na,910,Group,
Library and archive activities, R,91,910,9101,na,91010,Class,
Library activities, R,91,910,9101,91011,91011,Sub Class,
Archive activities, R,91,910,9101,91012,91012,Sub Class,
Museum activities, R,91,910,9102,na,91020,Class,
Operation of historical sites and buildings and similar visitor attractions, R,91,910,9103,na,91030,Class,
Botanical and zoological gardens and nature reserve activities, R,91,910,9104,na,91040,Class,
Gambling and betting activities, R,92,na,na,na,92,Division,
Gambling and betting activities, R,92,920,na,na,920,Group,
Gambling and betting activities, R,92,920,9200,na,92000,Class,
Sports activities and amusement and recreation activities, R,93,na,na,na,93,Division,
Sports activities, R,93,931,na,na,931,Group,
Operation of sports facilities, R,93,931,9311,na,93110,Class,
Activities of sport clubs, R,93,931,9312,na,93120,Class,
Fitness facilities, R,93,931,9313,na,93130,Class,
Other sports activities, R,93,931,9319,na,93190,Class,
Activities of racehorse owners, R,93,931,9319,93191,93191,Sub Class,
Other sports activities (not including activities of racehorse owners) nec, R,93,931,9319,93199,93199,Sub Class,
Amusement and recreation activities, R,93,932,na,na,932,Group,
Activities of amusement parks and theme parks, R,93,932,9321,na,93210,Class,
Other amusement and recreation activities, R,93,932,9329,na,93290,Class,
OTHER SERVICE ACTIVITIES, S,na,na,na,na, S,SECTION,
Activities of membership organisations, S,94,na,na,na,94,Division,
"Activities of business, employers and professional membership organisations", S,94,941,na,na,941,Group,
Activities of business and employers membership organisations, S,94,941,9411,na,94110,Class,
Activities of professional membership organisations, S,94,941,9412,na,94120,Class,
Activities of trade unions, S,94,942,na,na,942,Group,
Activities of trade unions, S,94,942,9420,na,94200,Class,
Activities of other membership organisations, S,94,949,na,na,949,Group,
Activities of religious organisations, S,94,949,9491,na,94910,Class,
Activities of political organisations, S,94,949,9492,na,94920,Class,
Activities of other membership organisations nec, S,94,949,9499,na,94990,Class,
Repair of computers and personal and household goods, S,95,na,na,na,95,Division,
Repair of computers and communication equipment, S,95,951,na,na,951,Group,
Repair of computers and peripheral equipment, S,95,951,9511,na,95110,Class,
Repair of communication equipment, S,95,951,9512,na,95120,Class,
Repair of personal and household goods, S,95,952,na,na,952,Group,
Repair of consumer electronics, S,95,952,9521,na,95210,Class,
Repair of household appliances and home and garden equipment, S,95,952,9522,na,95220,Class,
Repair of footwear and leather goods, S,95,952,9523,na,95230,Class,
Repair of furniture and home furnishings, S,95,952,9524,na,95240,Class,
"Repair of watches, clocks and jewellery", S,95,952,9525,na,95250,Class,
Repair of other personal and household goods, S,95,952,9529,na,95290,Class,
Other personal service activities, S,96,na,na,na,96,Division,
Other personal service activities, S,96,960,na,na,960,Group,
Washing and (dry-)cleaning of textile and fur products, S,96,960,9601,na,96010,Class,
Hairdressing and other beauty treatment, S,96,960,9602,na,96020,Class,
Funeral and related activities, S,96,960,9603,na,96030,Class,
Physical well-being activities, S,96,960,9604,na,96040,Class,
Other personal service activities nec, S,96,960,9609,na,96090,Class,
ACTIVITIES OF HOUSEHOLDS AS EMPLOYERS; UNDIFFERENTIATED GOODS-AND SERVICES-PRODUCING ACTIVITIES OF HOUSEHOLDS FOR OWN USE, T,na,na,na,na, T,SECTION,
Activities of households as employers of domestic personnel, T,97,na,na,na,97,Division,
Activities of households as employers of domestic personnel, T,97,970,na,na,970,Group,
Activities of households as employers of domestic personnel, T,97,970,9700,na,97000,Class,
Undifferentiated goods- and services-producing activities of private households for own use, T,98,na,na,na,98,Division,
Undifferentiated goods-producing activities of private households for own use, T,98,981,na,na,981,Group,
Undifferentiated goods-producing activities of private households for own use, T,98,981,9810,na,98100,Class,
Undifferentiated service-producing activities of private households for own use, T,98,982,na,na,982,Group,
Undifferentiated service-producing activities of private households for own use, T,98,982,9820,na,98200,Class,
ACTIVITIES OF EXTRATERRITORIAL ORGANISATIONS AND BODIES, U,na,na,na,na, U,SECTION,
Activities of extraterritorial organisations and bodies, U,99,na,na,na,99,Division,
Activities of extraterritorial organisations and bodies, U,99,990,na,na,990,Group,
Activities of extraterritorial organisations and bodies, U,99,990,9900,na,99000,Class,
Dormant company, ?,??,???,????,na,99999,Class,